base 2,base 3,base 4,base 5,base 6,base 7,base 8,base 9,base 10,base 11,base 12,base 13,base 14,base 15,base 16
0,0,0,0,0,0,0,0,0,0,0,0,0,0,0
1,1,1,1,1,1,1,1,1,1,1,1,1,1,1
10,2,2,2,2,2,2,2,2,2,2,2,2,2,2
11,10,3,3,3,3,3,3,3,3,3,3,3,3,3
100,11,10,4,4,4,4,4,4,4,4,4,4,4,4
101,12,11,10,5,5,5,5,5,5,5,5,5,5,5
110,20,12,11,10,6,6,6,6,6,6,6,6,6,6
111,21,13,12,11,10,7,7,7,7,7,7,7,7,7
1000,22,20,13,12,11,10,8,8,8,8,8,8,8,8
1001,100,21,14,13,12,11,10,9,9,9,9,9,9,9
1010,101,22,20,14,13,12,11,10,a,a,a,a,a,a
1011,102,23,21,15,14,13,12,11,10,b,b,b,b,b
1100,110,30,22,20,15,14,13,12,11,10,c,c,c,c
1101,111,31,23,21,16,15,14,13,12,11,10,d,d,d
1110,112,32,24,22,20,16,15,14,13,12,11,10,e,e
1111,120,33,30,23,21,17,16,15,14,13,12,11,10,f
10000,121,100,31,24,22,20,17,16,15,14,13,12,11,10
10001,122,101,32,25,23,21,18,17,16,15,14,13,12,11
10010,200,102,33,30,24,22,20,18,17,16,15,14,13,12
10011,201,103,34,31,25,23,21,19,18,17,16,15,14,13
10100,202,110,40,32,26,24,22,20,19,18,17,16,15,14
10101,210,111,41,33,30,25,23,21,1a,19,18,17,16,15
10110,211,112,42,34,31,26,24,22,20,1a,19,18,17,16
10111,212,113,43,35,32,27,25,23,21,1b,1a,19,18,17
11000,220,120,44,40,33,30,26,24,22,20,1b,1a,19,18
11001,221,121,100,41,34,31,27,25,23,21,1c,1b,1a,19
11010,222,122,101,42,35,32,28,26,24,22,20,1c,1b,1a
11011,1000,123,102,43,36,33,30,27,25,23,21,1d,1c,1b
11100,1001,130,103,44,40,34,31,28,26,24,22,20,1d,1c
11101,1002,131,104,45,41,35,32,29,27,25,23,21,1e,1d
11110,1010,132,110,50,42,36,33,30,28,26,24,22,20,1e
11111,1011,133,111,51,43,37,34,31,29,27,25,23,21,1f
100000,1012,200,112,52,44,40,35,32,2a,28,26,24,22,20
100001,1020,201,113,53,45,41,36,33,30,29,27,25,23,21
100010,1021,202,114,54,46,42,37,34,31,2a,28,26,24,22
100011,1022,203,120,55,50,43,38,35,32,2b,29,27,25,23
100100,1100,210,121,100,51,44,40,36,33,30,2a,28,26,24
100101,1101,211,122,101,52,45,41,37,34,31,2b,29,27,25
100110,1102,212,123,102,53,46,42,38,35,32,2c,2a,28,26
100111,1110,213,124,103,54,47,43,39,36,33,30,2b,29,27
101000,1111,220,130,104,55,50,44,40,37,34,31,2c,2a,28
101001,1112,221,131,105,56,51,45,41,38,35,32,2d,2b,29
101010,1120,222,132,110,60,52,46,42,39,36,33,30,2c,2a
101011,1121,223,133,111,61,53,47,43,3a,37,34,31,2d,2b
101100,1122,230,134,112,62,54,48,44,40,38,35,32,2e,2c
101101,1200,231,140,113,63,55,50,45,41,39,36,33,30,2d
101110,1201,232,141,114,64,56,51,46,42,3a,37,34,31,2e
101111,1202,233,142,115,65,57,52,47,43,3b,38,35,32,2f
110000,1210,300,143,120,66,60,53,48,44,40,39,36,33,30
110001,1211,301,144,121,100,61,54,49,45,41,3a,37,34,31
110010,1212,302,200,122,101,62,55,50,46,42,3b,38,35,32
110011,1220,303,201,123,102,63,56,51,47,43,3c,39,36,33
110100,1221,310,202,124,103,64,57,52,48,44,40,3a,37,34
110101,1222,311,203,125,104,65,58,53,49,45,41,3b,38,35
110110,2000,312,204,130,105,66,60,54,4a,46,42,3c,39,36
110111,2001,313,210,131,106,67,61,55,50,47,43,3d,3a,37
111000,2002,320,211,132,110,70,62,56,51,48,44,40,3b,38
111001,2010,321,212,133,111,71,63,57,52,49,45,41,3c,39
111010,2011,322,213,134,112,72,64,58,53,4a,46,42,3d,3a
111011,2012,323,214,135,113,73,65,59,54,4b,47,43,3e,3b
111100,2020,330,220,140,114,74,66,60,55,50,48,44,40,3c
111101,2021,331,221,141,115,75,67,61,56,51,49,45,41,3d
111110,2022,332,222,142,116,76,68,62,57,52,4a,46,42,3e
111111,2100,333,223,143,120,77,70,63,58,53,4b,47,43,3f
1000000,2101,1000,224,144,121,100,71,64,59,54,4c,48,44,40
1000001,2102,1001,230,145,122,101,72,65,5a,55,50,49,45,41
1000010,2110,1002,231,150,123,102,73,66,60,56,51,4a,46,42
1000011,2111,1003,232,151,124,103,74,67,61,57,52,4b,47,43
1000100,2112,1010,233,152,125,104,75,68,62,58,53,4c,48,44
1000101,2120,1011,234,153,126,105,76,69,63,59,54,4d,49,45
1000110,2121,1012,240,154,130,106,77,70,64,5a,55,50,4a,46
1000111,2122,1013,241,155,131,107,78,71,65,5b,56,51,4b,47
1001000,2200,1020,242,200,132,110,80,72,66,60,57,52,4c,48
1001001,2201,1021,243,201,133,111,81,73,67,61,58,53,4d,49
1001010,2202,1022,244,202,134,112,82,74,68,62,59,54,4e,4a
1001011,2210,1023,300,203,135,113,83,75,69,63,5a,55,50,4b
1001100,2211,1030,301,204,136,114,84,76,6a,64,5b,56,51,4c
1001101,2212,1031,302,205,140,115,85,77,70,65,5c,57,52,4d
1001110,2220,1032,303,210,141,116,86,78,71,66,60,58,53,4e
1001111,2221,1033,304,211,142,117,87,79,72,67,61,59,54,4f
1010000,2222,1100,310,212,143,120,88,80,73,68,62,5a,55,50
1010001,10000,1101,311,213,144,121,100,81,74,69,63,5b,56,51
1010010,10001,1102,312,214,145,122,101,82,75,6a,64,5c,57,52
1010011,10002,1103,313,215,146,123,102,83,76,6b,65,5d,58,53
1010100,10010,1110,314,220,150,124,103,84,77,70,66,60,59,54
1010101,10011,1111,320,221,151,125,104,85,78,71,67,61,5a,55
1010110,10012,1112,321,222,152,126,105,86,79,72,68,62,5b,56
1010111,10020,1113,322,223,153,127,106,87,7a,73,69,63,5c,57
1011000,10021,1120,323,224,154,130,107,88,80,74,6a,64,5d,58
1011001,10022,1121,324,225,155,131,108,89,81,75,6b,65,5e,59
1011010,10100,1122,330,230,156,132,110,90,82,76,6c,66,60,5a
1011011,10101,1123,331,231,160,133,111,91,83,77,70,67,61,5b
1011100,10102,1130,332,232,161,134,112,92,84,78,71,68,62,5c
1011101,10110,1131,333,233,162,135,113,93,85,79,72,69,63,5d
1011110,10111,1132,334,234,163,136,114,94,86,7a,73,6a,64,5e
1011111,10112,1133,340,235,164,137,115,95,87,7b,74,6b,65,5f
1100000,10120,1200,341,240,165,140,116,96,88,80,75,6c,66,60
1100001,10121,1201,342,241,166,141,117,97,89,81,76,6d,67,61
1100010,10122,1202,343,242,200,142,118,98,8a,82,77,70,68,62
1100011,10200,1203,344,243,201,143,120,99,90,83,78,71,69,63
1100100,10201,1210,400,244,202,144,121,100,91,84,79,72,6a,64
1100101,10202,1211,401,245,203,145,122,101,92,85,7a,73,6b,65
1100110,10210,1212,402,250,204,146,123,102,93,86,7b,74,6c,66
1100111,10211,1213,403,251,205,147,124,103,94,87,7c,75,6d,67
1101000,10212,1220,404,252,206,150,125,104,95,88,80,76,6e,68
1101001,10220,1221,410,253,210,151,126,105,96,89,81,77,70,69
1101010,10221,1222,411,254,211,152,127,106,97,8a,82,78,71,6a
1101011,10222,1223,412,255,212,153,128,107,98,8b,83,79,72,6b
1101100,11000,1230,413,300,213,154,130,108,99,90,84,7a,73,6c
1101101,11001,1231,414,301,214,155,131,109,9a,91,85,7b,74,6d
1101110,11002,1232,420,302,215,156,132,110,a0,92,86,7c,75,6e
1101111,11010,1233,421,303,216,157,133,111,a1,93,87,7d,76,6f
1110000,11011,1300,422,304,220,160,134,112,a2,94,88,80,77,70
1110001,11012,1301,423,305,221,161,135,113,a3,95,89,81,78,71
1110010,11020,1302,424,310,222,162,136,114,a4,96,8a,82,79,72
1110011,11021,1303,430,311,223,163,137,115,a5,97,8b,83,7a,73
1110100,11022,1310,431,312,224,164,138,116,a6,98,8c,84,7b,74
1110101,11100,1311,432,313,225,165,140,117,a7,99,90,85,7c,75
1110110,11101,1312,433,314,226,166,141,118,a8,9a,91,86,7d,76
1110111,11102,1313,434,315,230,167,142,119,a9,9b,92,87,7e,77
1111000,11110,1320,440,320,231,170,143,120,aa,a0,93,88,80,78
1111001,11111,1321,441,321,232,171,144,121,100,a1,94,89,81,79
1111010,11112,1322,442,322,233,172,145,122,101,a2,95,8a,82,7a
1111011,11120,1323,443,323,234,173,146,123,102,a3,96,8b,83,7b
1111100,11121,1330,444,324,235,174,147,124,103,a4,97,8c,84,7c
1111101,11122,1331,1000,325,236,175,148,125,104,a5,98,8d,85,7d
1111110,11200,1332,1001,330,240,176,150,126,105,a6,99,90,86,7e
1111111,11201,1333,1002,331,241,177,151,127,106,a7,9a,91,87,7f
10000000,11202,2000,1003,332,242,200,152,128,107,a8,9b,92,88,80
10000001,11210,2001,1004,333,243,201,153,129,108,a9,9c,93,89,81
10000010,11211,2002,1010,334,244,202,154,130,109,aa,a0,94,8a,82
10000011,11212,2003,1011,335,245,203,155,131,10a,ab,a1,95,8b,83
10000100,11220,2010,1012,340,246,204,156,132,110,b0,a2,96,8c,84
10000101,11221,2011,1013,341,250,205,157,133,111,b1,a3,97,8d,85
10000110,11222,2012,1014,342,251,206,158,134,112,b2,a4,98,8e,86
10000111,12000,2013,1020,343,252,207,160,135,113,b3,a5,99,90,87
10001000,12001,2020,1021,344,253,210,161,136,114,b4,a6,9a,91,88
10001001,12002,2021,1022,345,254,211,162,137,115,b5,a7,9b,92,89
10001010,12010,2022,1023,350,255,212,163,138,116,b6,a8,9c,93,8a
10001011,12011,2023,1024,351,256,213,164,139,117,b7,a9,9d,94,8b
10001100,12012,2030,1030,352,260,214,165,140,118,b8,aa,a0,95,8c
10001101,12020,2031,1031,353,261,215,166,141,119,b9,ab,a1,96,8d
10001110,12021,2032,1032,354,262,216,167,142,11a,ba,ac,a2,97,8e
10001111,12022,2033,1033,355,263,217,168,143,120,bb,b0,a3,98,8f
10010000,12100,2100,1034,400,264,220,170,144,121,100,b1,a4,99,90
10010001,12101,2101,1040,401,265,221,171,145,122,101,b2,a5,9a,91
10010010,12102,2102,1041,402,266,222,172,146,123,102,b3,a6,9b,92
10010011,12110,2103,1042,403,300,223,173,147,124,103,b4,a7,9c,93
10010100,12111,2110,1043,404,301,224,174,148,125,104,b5,a8,9d,94
10010101,12112,2111,1044,405,302,225,175,149,126,105,b6,a9,9e,95
10010110,12120,2112,1100,410,303,226,176,150,127,106,b7,aa,a0,96
10010111,12121,2113,1101,411,304,227,177,151,128,107,b8,ab,a1,97
10011000,12122,2120,1102,412,305,230,178,152,129,108,b9,ac,a2,98
10011001,12200,2121,1103,413,306,231,180,153,12a,109,ba,ad,a3,99
10011010,12201,2122,1104,414,310,232,181,154,130,10a,bb,b0,a4,9a
10011011,12202,2123,1110,415,311,233,182,155,131,10b,bc,b1,a5,9b
10011100,12210,2130,1111,420,312,234,183,156,132,110,c0,b2,a6,9c
10011101,12211,2131,1112,421,313,235,184,157,133,111,c1,b3,a7,9d
10011110,12212,2132,1113,422,314,236,185,158,134,112,c2,b4,a8,9e
10011111,12220,2133,1114,423,315,237,186,159,135,113,c3,b5,a9,9f
10100000,12221,2200,1120,424,316,240,187,160,136,114,c4,b6,aa,a0
10100001,12222,2201,1121,425,320,241,188,161,137,115,c5,b7,ab,a1
10100010,20000,2202,1122,430,321,242,200,162,138,116,c6,b8,ac,a2
10100011,20001,2203,1123,431,322,243,201,163,139,117,c7,b9,ad,a3
10100100,20002,2210,1124,432,323,244,202,164,13a,118,c8,ba,ae,a4
10100101,20010,2211,1130,433,324,245,203,165,140,119,c9,bb,b0,a5
10100110,20011,2212,1131,434,325,246,204,166,141,11a,ca,bc,b1,a6
10100111,20012,2213,1132,435,326,247,205,167,142,11b,cb,bd,b2,a7
10101000,20020,2220,1133,440,330,250,206,168,143,120,cc,c0,b3,a8
10101001,20021,2221,1134,441,331,251,207,169,144,121,100,c1,b4,a9
10101010,20022,2222,1140,442,332,252,208,170,145,122,101,c2,b5,aa
10101011,20100,2223,1141,443,333,253,210,171,146,123,102,c3,b6,ab
10101100,20101,2230,1142,444,334,254,211,172,147,124,103,c4,b7,ac
10101101,20102,2231,1143,445,335,255,212,173,148,125,104,c5,b8,ad
10101110,20110,2232,1144,450,336,256,213,174,149,126,105,c6,b9,ae
10101111,20111,2233,1200,451,340,257,214,175,14a,127,106,c7,ba,af
10110000,20112,2300,1201,452,341,260,215,176,150,128,107,c8,bb,b0
10110001,20120,2301,1202,453,342,261,216,177,151,129,108,c9,bc,b1
10110010,20121,2302,1203,454,343,262,217,178,152,12a,109,ca,bd,b2
10110011,20122,2303,1204,455,344,263,218,179,153,12b,10a,cb,be,b3
10110100,20200,2310,1210,500,345,264,220,180,154,130,10b,cc,c0,b4
10110101,20201,2311,1211,501,346,265,221,181,155,131,10c,cd,c1,b5
10110110,20202,2312,1212,502,350,266,222,182,156,132,110,d0,c2,b6
10110111,20210,2313,1213,503,351,267,223,183,157,133,111,d1,c3,b7
10111000,20211,2320,1214,504,352,270,224,184,158,134,112,d2,c4,b8
10111001,20212,2321,1220,505,353,271,225,185,159,135,113,d3,c5,b9
10111010,20220,2322,1221,510,354,272,226,186,15a,136,114,d4,c6,ba
10111011,20221,2323,1222,511,355,273,227,187,160,137,115,d5,c7,bb
10111100,20222,2330,1223,512,356,274,228,188,161,138,116,d6,c8,bc
10111101,21000,2331,1224,513,360,275,230,189,162,139,117,d7,c9,bd
10111110,21001,2332,1230,514,361,276,231,190,163,13a,118,d8,ca,be
10111111,21002,2333,1231,515,362,277,232,191,164,13b,119,d9,cb,bf
11000000,21010,3000,1232,520,363,300,233,192,165,140,11a,da,cc,c0
11000001,21011,3001,1233,521,364,301,234,193,166,141,11b,db,cd,c1
11000010,21012,3002,1234,522,365,302,235,194,167,142,11c,dc,ce,c2
11000011,21020,3003,1240,523,366,303,236,195,168,143,120,dd,d0,c3
11000100,21021,3010,1241,524,400,304,237,196,169,144,121,100,d1,c4
11000101,21022,3011,1242,525,401,305,238,197,16a,145,122,101,d2,c5
11000110,21100,3012,1243,530,402,306,240,198,170,146,123,102,d3,c6
11000111,21101,3013,1244,531,403,307,241,199,171,147,124,103,d4,c7
11001000,21102,3020,1300,532,404,310,242,200,172,148,125,104,d5,c8
11001001,21110,3021,1301,533,405,311,243,201,173,149,126,105,d6,c9
11001010,21111,3022,1302,534,406,312,244,202,174,14a,127,106,d7,ca
11001011,21112,3023,1303,535,410,313,245,203,175,14b,128,107,d8,cb
11001100,21120,3030,1304,540,411,314,246,204,176,150,129,108,d9,cc
11001101,21121,3031,1310,541,412,315,247,205,177,151,12a,109,da,cd
11001110,21122,3032,1311,542,413,316,248,206,178,152,12b,10a,db,ce
11001111,21200,3033,1312,543,414,317,250,207,179,153,12c,10b,dc,cf
11010000,21201,3100,1313,544,415,320,251,208,17a,154,130,10c,dd,d0
11010001,21202,3101,1314,545,416,321,252,209,180,155,131,10d,de,d1
11010010,21210,3102,1320,550,420,322,253,210,181,156,132,110,e0,d2
11010011,21211,3103,1321,551,421,323,254,211,182,157,133,111,e1,d3
11010100,21212,3110,1322,552,422,324,255,212,183,158,134,112,e2,d4
11010101,21220,3111,1323,553,423,325,256,213,184,159,135,113,e3,d5
11010110,21221,3112,1324,554,424,326,257,214,185,15a,136,114,e4,d6
11010111,21222,3113,1330,555,425,327,258,215,186,15b,137,115,e5,d7
11011000,22000,3120,1331,1000,426,330,260,216,187,160,138,116,e6,d8
11011001,22001,3121,1332,1001,430,331,261,217,188,161,139,117,e7,d9
11011010,22002,3122,1333,1002,431,332,262,218,189,162,13a,118,e8,da
11011011,22010,3123,1334,1003,432,333,263,219,18a,163,13b,119,e9,db
11011100,22011,3130,1340,1004,433,334,264,220,190,164,13c,11a,ea,dc
11011101,22012,3131,1341,1005,434,335,265,221,191,165,140,11b,eb,dd
11011110,22020,3132,1342,1010,435,336,266,222,192,166,141,11c,ec,de
11011111,22021,3133,1343,1011,436,337,267,223,193,167,142,11d,ed,df
11100000,22022,3200,1344,1012,440,340,268,224,194,168,143,120,ee,e0
11100001,22100,3201,1400,1013,441,341,270,225,195,169,144,121,100,e1
11100010,22101,3202,1401,1014,442,342,271,226,196,16a,145,122,101,e2
11100011,22102,3203,1402,1015,443,343,272,227,197,16b,146,123,102,e3
11100100,22110,3210,1403,1020,444,344,273,228,198,170,147,124,103,e4
11100101,22111,3211,1404,1021,445,345,274,229,199,171,148,125,104,e5
11100110,22112,3212,1410,1022,446,346,275,230,19a,172,149,126,105,e6
11100111,22120,3213,1411,1023,450,347,276,231,1a0,173,14a,127,106,e7
11101000,22121,3220,1412,1024,451,350,277,232,1a1,174,14b,128,107,e8
11101001,22122,3221,1413,1025,452,351,278,233,1a2,175,14c,129,108,e9
11101010,22200,3222,1414,1030,453,352,280,234,1a3,176,150,12a,109,ea
11101011,22201,3223,1420,1031,454,353,281,235,1a4,177,151,12b,10a,eb
11101100,22202,3230,1421,1032,455,354,282,236,1a5,178,152,12c,10b,ec
11101101,22210,3231,1422,1033,456,355,283,237,1a6,179,153,12d,10c,ed
11101110,22211,3232,1423,1034,460,356,284,238,1a7,17a,154,130,10d,ee
11101111,22212,3233,1424,1035,461,357,285,239,1a8,17b,155,131,10e,ef
11110000,22220,3300,1430,1040,462,360,286,240,1a9,180,156,132,110,f0
11110001,22221,3301,1431,1041,463,361,287,241,1aa,181,157,133,111,f1
11110010,22222,3302,1432,1042,464,362,288,242,200,182,158,134,112,f2
11110011,100000,3303,1433,1043,465,363,300,243,201,183,159,135,113,f3
11110100,100001,3310,1434,1044,466,364,301,244,202,184,15a,136,114,f4
11110101,100002,3311,1440,1045,500,365,302,245,203,185,15b,137,115,f5
11110110,100010,3312,1441,1050,501,366,303,246,204,186,15c,138,116,f6
11110111,100011,3313,1442,1051,502,367,304,247,205,187,160,139,117,f7
11111000,100012,3320,1443,1052,503,370,305,248,206,188,161,13a,118,f8
11111001,100020,3321,1444,1053,504,371,306,249,207,189,162,13b,119,f9
11111010,100021,3322,2000,1054,505,372,307,250,208,18a,163,13c,11a,fa
11111011,100022,3323,2001,1055,506,373,308,251,209,18b,164,13d,11b,fb
11111100,100100,3330,2002,1100,510,374,310,252,20a,190,165,140,11c,fc
11111101,100101,3331,2003,1101,511,375,311,253,210,191,166,141,11d,fd
11111110,100102,3332,2004,1102,512,376,312,254,211,192,167,142,11e,fe
11111111,100110,3333,2010,1103,513,377,313,255,212,193,168,143,120,ff
100000000,100111,10000,2011,1104,514,400,314,256,213,194,169,144,121,100
100000001,100112,10001,2012,1105,515,401,315,257,214,195,16a,145,122,101
100000010,100120,10002,2013,1110,516,402,316,258,215,196,16b,146,123,102
100000011,100121,10003,2014,1111,520,403,317,259,216,197,16c,147,124,103
100000100,100122,10010,2020,1112,521,404,318,260,217,198,170,148,125,104
100000101,100200,10011,2021,1113,522,405,320,261,218,199,171,149,126,105
100000110,100201,10012,2022,1114,523,406,321,262,219,19a,172,14a,127,106
100000111,100202,10013,2023,1115,524,407,322,263,21a,19b,173,14b,128,107
100001000,100210,10020,2024,1120,525,410,323,264,220,1a0,174,14c,129,108
100001001,100211,10021,2030,1121,526,411,324,265,221,1a1,175,14d,12a,109
100001010,100212,10022,2031,1122,530,412,325,266,222,1a2,176,150,12b,10a
100001011,100220,10023,2032,1123,531,413,326,267,223,1a3,177,151,12c,10b
100001100,100221,10030,2033,1124,532,414,327,268,224,1a4,178,152,12d,10c
100001101,100222,10031,2034,1125,533,415,328,269,225,1a5,179,153,12e,10d
100001110,101000,10032,2040,1130,534,416,330,270,226,1a6,17a,154,130,10e
100001111,101001,10033,2041,1131,535,417,331,271,227,1a7,17b,155,131,10f
100010000,101002,10100,2042,1132,536,420,332,272,228,1a8,17c,156,132,110
100010001,101010,10101,2043,1133,540,421,333,273,229,1a9,180,157,133,111
100010010,101011,10102,2044,1134,541,422,334,274,22a,1aa,181,158,134,112
100010011,101012,10103,2100,1135,542,423,335,275,230,1ab,182,159,135,113
100010100,101020,10110,2101,1140,543,424,336,276,231,1b0,183,15a,136,114
100010101,101021,10111,2102,1141,544,425,337,277,232,1b1,184,15b,137,115
100010110,101022,10112,2103,1142,545,426,338,278,233,1b2,185,15c,138,116
100010111,101100,10113,2104,1143,546,427,340,279,234,1b3,186,15d,139,117
100011000,101101,10120,2110,1144,550,430,341,280,235,1b4,187,160,13a,118
100011001,101102,10121,2111,1145,551,431,342,281,236,1b5,188,161,13b,119
100011010,101110,10122,2112,1150,552,432,343,282,237,1b6,189,162,13c,11a
100011011,101111,10123,2113,1151,553,433,344,283,238,1b7,18a,163,13d,11b
100011100,101112,10130,2114,1152,554,434,345,284,239,1b8,18b,164,13e,11c
100011101,101120,10131,2120,1153,555,435,346,285,23a,1b9,18c,165,140,11d
100011110,101121,10132,2121,1154,556,436,347,286,240,1ba,190,166,141,11e
100011111,101122,10133,2122,1155,560,437,348,287,241,1bb,191,167,142,11f
100100000,101200,10200,2123,1200,561,440,350,288,242,200,192,168,143,120
100100001,101201,10201,2124,1201,562,441,351,289,243,201,193,169,144,121
100100010,101202,10202,2130,1202,563,442,352,290,244,202,194,16a,145,122
100100011,101210,10203,2131,1203,564,443,353,291,245,203,195,16b,146,123
100100100,101211,10210,2132,1204,565,444,354,292,246,204,196,16c,147,124
100100101,101212,10211,2133,1205,566,445,355,293,247,205,197,16d,148,125
100100110,101220,10212,2134,1210,600,446,356,294,248,206,198,170,149,126
100100111,101221,10213,2140,1211,601,447,357,295,249,207,199,171,14a,127
100101000,101222,10220,2141,1212,602,450,358,296,24a,208,19a,172,14b,128
100101001,102000,10221,2142,1213,603,451,360,297,250,209,19b,173,14c,129
100101010,102001,10222,2143,1214,604,452,361,298,251,20a,19c,174,14d,12a
100101011,102002,10223,2144,1215,605,453,362,299,252,20b,1a0,175,14e,12b
100101100,102010,10230,2200,1220,606,454,363,300,253,210,1a1,176,150,12c
100101101,102011,10231,2201,1221,610,455,364,301,254,211,1a2,177,151,12d
100101110,102012,10232,2202,1222,611,456,365,302,255,212,1a3,178,152,12e
100101111,102020,10233,2203,1223,612,457,366,303,256,213,1a4,179,153,12f
100110000,102021,10300,2204,1224,613,460,367,304,257,214,1a5,17a,154,130
100110001,102022,10301,2210,1225,614,461,368,305,258,215,1a6,17b,155,131
100110010,102100,10302,2211,1230,615,462,370,306,259,216,1a7,17c,156,132
100110011,102101,10303,2212,1231,616,463,371,307,25a,217,1a8,17d,157,133
100110100,102102,10310,2213,1232,620,464,372,308,260,218,1a9,180,158,134
100110101,102110,10311,2214,1233,621,465,373,309,261,219,1aa,181,159,135
100110110,102111,10312,2220,1234,622,466,374,310,262,21a,1ab,182,15a,136
100110111,102112,10313,2221,1235,623,467,375,311,263,21b,1ac,183,15b,137
100111000,102120,10320,2222,1240,624,470,376,312,264,220,1b0,184,15c,138
100111001,102121,10321,2223,1241,625,471,377,313,265,221,1b1,185,15d,139
100111010,102122,10322,2224,1242,626,472,378,314,266,222,1b2,186,15e,13a
100111011,102200,10323,2230,1243,630,473,380,315,267,223,1b3,187,160,13b
100111100,102201,10330,2231,1244,631,474,381,316,268,224,1b4,188,161,13c
100111101,102202,10331,2232,1245,632,475,382,317,269,225,1b5,189,162,13d
100111110,102210,10332,2233,1250,633,476,383,318,26a,226,1b6,18a,163,13e
100111111,102211,10333,2234,1251,634,477,384,319,270,227,1b7,18b,164,13f
101000000,102212,11000,2240,1252,635,500,385,320,271,228,1b8,18c,165,140
101000001,102220,11001,2241,1253,636,501,386,321,272,229,1b9,18d,166,141
101000010,102221,11002,2242,1254,640,502,387,322,273,22a,1ba,190,167,142
101000011,102222,11003,2243,1255,641,503,388,323,274,22b,1bb,191,168,143
101000100,110000,11010,2244,1300,642,504,400,324,275,230,1bc,192,169,144
101000101,110001,11011,2300,1301,643,505,401,325,276,231,1c0,193,16a,145
101000110,110002,11012,2301,1302,644,506,402,326,277,232,1c1,194,16b,146
101000111,110010,11013,2302,1303,645,507,403,327,278,233,1c2,195,16c,147
101001000,110011,11020,2303,1304,646,510,404,328,279,234,1c3,196,16d,148
101001001,110012,11021,2304,1305,650,511,405,329,27a,235,1c4,197,16e,149
101001010,110020,11022,2310,1310,651,512,406,330,280,236,1c5,198,170,14a
101001011,110021,11023,2311,1311,652,513,407,331,281,237,1c6,199,171,14b
101001100,110022,11030,2312,1312,653,514,408,332,282,238,1c7,19a,172,14c
101001101,110100,11031,2313,1313,654,515,410,333,283,239,1c8,19b,173,14d
101001110,110101,11032,2314,1314,655,516,411,334,284,23a,1c9,19c,174,14e
101001111,110102,11033,2320,1315,656,517,412,335,285,23b,1ca,19d,175,14f
101010000,110110,11100,2321,1320,660,520,413,336,286,240,1cb,1a0,176,150
101010001,110111,11101,2322,1321,661,521,414,337,287,241,1cc,1a1,177,151
101010010,110112,11102,2323,1322,662,522,415,338,288,242,200,1a2,178,152
101010011,110120,11103,2324,1323,663,523,416,339,289,243,201,1a3,179,153
101010100,110121,11110,2330,1324,664,524,417,340,28a,244,202,1a4,17a,154
101010101,110122,11111,2331,1325,665,525,418,341,290,245,203,1a5,17b,155
101010110,110200,11112,2332,1330,666,526,420,342,291,246,204,1a6,17c,156
101010111,110201,11113,2333,1331,1000,527,421,343,292,247,205,1a7,17d,157
101011000,110202,11120,2334,1332,1001,530,422,344,293,248,206,1a8,17e,158
101011001,110210,11121,2340,1333,1002,531,423,345,294,249,207,1a9,180,159
101011010,110211,11122,2341,1334,1003,532,424,346,295,24a,208,1aa,181,15a
101011011,110212,11123,2342,1335,1004,533,425,347,296,24b,209,1ab,182,15b
101011100,110220,11130,2343,1340,1005,534,426,348,297,250,20a,1ac,183,15c
101011101,110221,11131,2344,1341,1006,535,427,349,298,251,20b,1ad,184,15d
101011110,110222,11132,2400,1342,1010,536,428,350,299,252,20c,1b0,185,15e
101011111,111000,11133,2401,1343,1011,537,430,351,29a,253,210,1b1,186,15f
101100000,111001,11200,2402,1344,1012,540,431,352,2a0,254,211,1b2,187,160
101100001,111002,11201,2403,1345,1013,541,432,353,2a1,255,212,1b3,188,161
101100010,111010,11202,2404,1350,1014,542,433,354,2a2,256,213,1b4,189,162
101100011,111011,11203,2410,1351,1015,543,434,355,2a3,257,214,1b5,18a,163
101100100,111012,11210,2411,1352,1016,544,435,356,2a4,258,215,1b6,18b,164
101100101,111020,11211,2412,1353,1020,545,436,357,2a5,259,216,1b7,18c,165
101100110,111021,11212,2413,1354,1021,546,437,358,2a6,25a,217,1b8,18d,166
101100111,111022,11213,2414,1355,1022,547,438,359,2a7,25b,218,1b9,18e,167
101101000,111100,11220,2420,1400,1023,550,440,360,2a8,260,219,1ba,190,168
101101001,111101,11221,2421,1401,1024,551,441,361,2a9,261,21a,1bb,191,169
101101010,111102,11222,2422,1402,1025,552,442,362,2aa,262,21b,1bc,192,16a
101101011,111110,11223,2423,1403,1026,553,443,363,300,263,21c,1bd,193,16b
101101100,111111,11230,2424,1404,1030,554,444,364,301,264,220,1c0,194,16c
101101101,111112,11231,2430,1405,1031,555,445,365,302,265,221,1c1,195,16d
101101110,111120,11232,2431,1410,1032,556,446,366,303,266,222,1c2,196,16e
101101111,111121,11233,2432,1411,1033,557,447,367,304,267,223,1c3,197,16f
101110000,111122,11300,2433,1412,1034,560,448,368,305,268,224,1c4,198,170
101110001,111200,11301,2434,1413,1035,561,450,369,306,269,225,1c5,199,171
101110010,111201,11302,2440,1414,1036,562,451,370,307,26a,226,1c6,19a,172
101110011,111202,11303,2441,1415,1040,563,452,371,308,26b,227,1c7,19b,173
101110100,111210,11310,2442,1420,1041,564,453,372,309,270,228,1c8,19c,174
101110101,111211,11311,2443,1421,1042,565,454,373,30a,271,229,1c9,19d,175
101110110,111212,11312,2444,1422,1043,566,455,374,310,272,22a,1ca,19e,176
101110111,111220,11313,3000,1423,1044,567,456,375,311,273,22b,1cb,1a0,177
101111000,111221,11320,3001,1424,1045,570,457,376,312,274,22c,1cc,1a1,178
101111001,111222,11321,3002,1425,1046,571,458,377,313,275,230,1cd,1a2,179
101111010,112000,11322,3003,1430,1050,572,460,378,314,276,231,1d0,1a3,17a
101111011,112001,11323,3004,1431,1051,573,461,379,315,277,232,1d1,1a4,17b
101111100,112002,11330,3010,1432,1052,574,462,380,316,278,233,1d2,1a5,17c
101111101,112010,11331,3011,1433,1053,575,463,381,317,279,234,1d3,1a6,17d
101111110,112011,11332,3012,1434,1054,576,464,382,318,27a,235,1d4,1a7,17e
101111111,112012,11333,3013,1435,1055,577,465,383,319,27b,236,1d5,1a8,17f
110000000,112020,12000,3014,1440,1056,600,466,384,31a,280,237,1d6,1a9,180
110000001,112021,12001,3020,1441,1060,601,467,385,320,281,238,1d7,1aa,181
110000010,112022,12002,3021,1442,1061,602,468,386,321,282,239,1d8,1ab,182
110000011,112100,12003,3022,1443,1062,603,470,387,322,283,23a,1d9,1ac,183
110000100,112101,12010,3023,1444,1063,604,471,388,323,284,23b,1da,1ad,184
110000101,112102,12011,3024,1445,1064,605,472,389,324,285,23c,1db,1ae,185
110000110,112110,12012,3030,1450,1065,606,473,390,325,286,240,1dc,1b0,186
110000111,112111,12013,3031,1451,1066,607,474,391,326,287,241,1dd,1b1,187
110001000,112112,12020,3032,1452,1100,610,475,392,327,288,242,200,1b2,188
110001001,112120,12021,3033,1453,1101,611,476,393,328,289,243,201,1b3,189
110001010,112121,12022,3034,1454,1102,612,477,394,329,28a,244,202,1b4,18a
110001011,112122,12023,3040,1455,1103,613,478,395,32a,28b,245,203,1b5,18b
110001100,112200,12030,3041,1500,1104,614,480,396,330,290,246,204,1b6,18c
110001101,112201,12031,3042,1501,1105,615,481,397,331,291,247,205,1b7,18d
110001110,112202,12032,3043,1502,1106,616,482,398,332,292,248,206,1b8,18e
110001111,112210,12033,3044,1503,1110,617,483,399,333,293,249,207,1b9,18f
110010000,112211,12100,3100,1504,1111,620,484,400,334,294,24a,208,1ba,190
110010001,112212,12101,3101,1505,1112,621,485,401,335,295,24b,209,1bb,191
110010010,112220,12102,3102,1510,1113,622,486,402,336,296,24c,20a,1bc,192
110010011,112221,12103,3103,1511,1114,623,487,403,337,297,250,20b,1bd,193
110010100,112222,12110,3104,1512,1115,624,488,404,338,298,251,20c,1be,194
110010101,120000,12111,3110,1513,1116,625,500,405,339,299,252,20d,1c0,195
110010110,120001,12112,3111,1514,1120,626,501,406,33a,29a,253,210,1c1,196
110010111,120002,12113,3112,1515,1121,627,502,407,340,29b,254,211,1c2,197
110011000,120010,12120,3113,1520,1122,630,503,408,341,2a0,255,212,1c3,198
110011001,120011,12121,3114,1521,1123,631,504,409,342,2a1,256,213,1c4,199
110011010,120012,12122,3120,1522,1124,632,505,410,343,2a2,257,214,1c5,19a
110011011,120020,12123,3121,1523,1125,633,506,411,344,2a3,258,215,1c6,19b
110011100,120021,12130,3122,1524,1126,634,507,412,345,2a4,259,216,1c7,19c
110011101,120022,12131,3123,1525,1130,635,508,413,346,2a5,25a,217,1c8,19d
110011110,120100,12132,3124,1530,1131,636,510,414,347,2a6,25b,218,1c9,19e
110011111,120101,12133,3130,1531,1132,637,511,415,348,2a7,25c,219,1ca,19f
110100000,120102,12200,3131,1532,1133,640,512,416,349,2a8,260,21a,1cb,1a0
110100001,120110,12201,3132,1533,1134,641,513,417,34a,2a9,261,21b,1cc,1a1
110100010,120111,12202,3133,1534,1135,642,514,418,350,2aa,262,21c,1cd,1a2
110100011,120112,12203,3134,1535,1136,643,515,419,351,2ab,263,21d,1ce,1a3
110100100,120120,12210,3140,1540,1140,644,516,420,352,2b0,264,220,1d0,1a4
110100101,120121,12211,3141,1541,1141,645,517,421,353,2b1,265,221,1d1,1a5
110100110,120122,12212,3142,1542,1142,646,518,422,354,2b2,266,222,1d2,1a6
110100111,120200,12213,3143,1543,1143,647,520,423,355,2b3,267,223,1d3,1a7
110101000,120201,12220,3144,1544,1144,650,521,424,356,2b4,268,224,1d4,1a8
110101001,120202,12221,3200,1545,1145,651,522,425,357,2b5,269,225,1d5,1a9
110101010,120210,12222,3201,1550,1146,652,523,426,358,2b6,26a,226,1d6,1aa
110101011,120211,12223,3202,1551,1150,653,524,427,359,2b7,26b,227,1d7,1ab
110101100,120212,12230,3203,1552,1151,654,525,428,35a,2b8,26c,228,1d8,1ac
110101101,120220,12231,3204,1553,1152,655,526,429,360,2b9,270,229,1d9,1ad
110101110,120221,12232,3210,1554,1153,656,527,430,361,2ba,271,22a,1da,1ae
110101111,120222,12233,3211,1555,1154,657,528,431,362,2bb,272,22b,1db,1af
110110000,121000,12300,3212,2000,1155,660,530,432,363,300,273,22c,1dc,1b0
110110001,121001,12301,3213,2001,1156,661,531,433,364,301,274,22d,1dd,1b1
110110010,121002,12302,3214,2002,1160,662,532,434,365,302,275,230,1de,1b2
110110011,121010,12303,3220,2003,1161,663,533,435,366,303,276,231,1e0,1b3
110110100,121011,12310,3221,2004,1162,664,534,436,367,304,277,232,1e1,1b4
110110101,121012,12311,3222,2005,1163,665,535,437,368,305,278,233,1e2,1b5
110110110,121020,12312,3223,2010,1164,666,536,438,369,306,279,234,1e3,1b6
110110111,121021,12313,3224,2011,1165,667,537,439,36a,307,27a,235,1e4,1b7
110111000,121022,12320,3230,2012,1166,670,538,440,370,308,27b,236,1e5,1b8
110111001,121100,12321,3231,2013,1200,671,540,441,371,309,27c,237,1e6,1b9
110111010,121101,12322,3232,2014,1201,672,541,442,372,30a,280,238,1e7,1ba
110111011,121102,12323,3233,2015,1202,673,542,443,373,30b,281,239,1e8,1bb
110111100,121110,12330,3234,2020,1203,674,543,444,374,310,282,23a,1e9,1bc
110111101,121111,12331,3240,2021,1204,675,544,445,375,311,283,23b,1ea,1bd
110111110,121112,12332,3241,2022,1205,676,545,446,376,312,284,23c,1eb,1be
110111111,121120,12333,3242,2023,1206,677,546,447,377,313,285,23d,1ec,1bf
111000000,121121,13000,3243,2024,1210,700,547,448,378,314,286,240,1ed,1c0
111000001,121122,13001,3244,2025,1211,701,548,449,379,315,287,241,1ee,1c1
111000010,121200,13002,3300,2030,1212,702,550,450,37a,316,288,242,200,1c2
111000011,121201,13003,3301,2031,1213,703,551,451,380,317,289,243,201,1c3
111000100,121202,13010,3302,2032,1214,704,552,452,381,318,28a,244,202,1c4
111000101,121210,13011,3303,2033,1215,705,553,453,382,319,28b,245,203,1c5
111000110,121211,13012,3304,2034,1216,706,554,454,383,31a,28c,246,204,1c6
111000111,121212,13013,3310,2035,1220,707,555,455,384,31b,290,247,205,1c7
111001000,121220,13020,3311,2040,1221,710,556,456,385,320,291,248,206,1c8
111001001,121221,13021,3312,2041,1222,711,557,457,386,321,292,249,207,1c9
111001010,121222,13022,3313,2042,1223,712,558,458,387,322,293,24a,208,1ca
111001011,122000,13023,3314,2043,1224,713,560,459,388,323,294,24b,209,1cb
111001100,122001,13030,3320,2044,1225,714,561,460,389,324,295,24c,20a,1cc
111001101,122002,13031,3321,2045,1226,715,562,461,38a,325,296,24d,20b,1cd
111001110,122010,13032,3322,2050,1230,716,563,462,390,326,297,250,20c,1ce
111001111,122011,13033,3323,2051,1231,717,564,463,391,327,298,251,20d,1cf
111010000,122012,13100,3324,2052,1232,720,565,464,392,328,299,252,20e,1d0
111010001,122020,13101,3330,2053,1233,721,566,465,393,329,29a,253,210,1d1
111010010,122021,13102,3331,2054,1234,722,567,466,394,32a,29b,254,211,1d2
111010011,122022,13103,3332,2055,1235,723,568,467,395,32b,29c,255,212,1d3
111010100,122100,13110,3333,2100,1236,724,570,468,396,330,2a0,256,213,1d4
111010101,122101,13111,3334,2101,1240,725,571,469,397,331,2a1,257,214,1d5
111010110,122102,13112,3340,2102,1241,726,572,470,398,332,2a2,258,215,1d6
111010111,122110,13113,3341,2103,1242,727,573,471,399,333,2a3,259,216,1d7
111011000,122111,13120,3342,2104,1243,730,574,472,39a,334,2a4,25a,217,1d8
111011001,122112,13121,3343,2105,1244,731,575,473,3a0,335,2a5,25b,218,1d9
111011010,122120,13122,3344,2110,1245,732,576,474,3a1,336,2a6,25c,219,1da
111011011,122121,13123,3400,2111,1246,733,577,475,3a2,337,2a7,25d,21a,1db
111011100,122122,13130,3401,2112,1250,734,578,476,3a3,338,2a8,260,21b,1dc
111011101,122200,13131,3402,2113,1251,735,580,477,3a4,339,2a9,261,21c,1dd
111011110,122201,13132,3403,2114,1252,736,581,478,3a5,33a,2aa,262,21d,1de
111011111,122202,13133,3404,2115,1253,737,582,479,3a6,33b,2ab,263,21e,1df
111100000,122210,13200,3410,2120,1254,740,583,480,3a7,340,2ac,264,220,1e0
111100001,122211,13201,3411,2121,1255,741,584,481,3a8,341,2b0,265,221,1e1
111100010,122212,13202,3412,2122,1256,742,585,482,3a9,342,2b1,266,222,1e2
111100011,122220,13203,3413,2123,1260,743,586,483,3aa,343,2b2,267,223,1e3
111100100,122221,13210,3414,2124,1261,744,587,484,400,344,2b3,268,224,1e4
111100101,122222,13211,3420,2125,1262,745,588,485,401,345,2b4,269,225,1e5
111100110,200000,13212,3421,2130,1263,746,600,486,402,346,2b5,26a,226,1e6
111100111,200001,13213,3422,2131,1264,747,601,487,403,347,2b6,26b,227,1e7
111101000,200002,13220,3423,2132,1265,750,602,488,404,348,2b7,26c,228,1e8
111101001,200010,13221,3424,2133,1266,751,603,489,405,349,2b8,26d,229,1e9
111101010,200011,13222,3430,2134,1300,752,604,490,406,34a,2b9,270,22a,1ea
111101011,200012,13223,3431,2135,1301,753,605,491,407,34b,2ba,271,22b,1eb
111101100,200020,13230,3432,2140,1302,754,606,492,408,350,2bb,272,22c,1ec
111101101,200021,13231,3433,2141,1303,755,607,493,409,351,2bc,273,22d,1ed
111101110,200022,13232,3434,2142,1304,756,608,494,40a,352,2c0,274,22e,1ee
111101111,200100,13233,3440,2143,1305,757,610,495,410,353,2c1,275,230,1ef
111110000,200101,13300,3441,2144,1306,760,611,496,411,354,2c2,276,231,1f0
111110001,200102,13301,3442,2145,1310,761,612,497,412,355,2c3,277,232,1f1
111110010,200110,13302,3443,2150,1311,762,613,498,413,356,2c4,278,233,1f2
111110011,200111,13303,3444,2151,1312,763,614,499,414,357,2c5,279,234,1f3
111110100,200112,13310,4000,2152,1313,764,615,500,415,358,2c6,27a,235,1f4
111110101,200120,13311,4001,2153,1314,765,616,501,416,359,2c7,27b,236,1f5
111110110,200121,13312,4002,2154,1315,766,617,502,417,35a,2c8,27c,237,1f6
111110111,200122,13313,4003,2155,1316,767,618,503,418,35b,2c9,27d,238,1f7
111111000,200200,13320,4004,2200,1320,770,620,504,419,360,2ca,280,239,1f8
111111001,200201,13321,4010,2201,1321,771,621,505,41a,361,2cb,281,23a,1f9
111111010,200202,13322,4011,2202,1322,772,622,506,420,362,2cc,282,23b,1fa
111111011,200210,13323,4012,2203,1323,773,623,507,421,363,300,283,23c,1fb
111111100,200211,13330,4013,2204,1324,774,624,508,422,364,301,284,23d,1fc
111111101,200212,13331,4014,2205,1325,775,625,509,423,365,302,285,23e,1fd
111111110,200220,13332,4020,2210,1326,776,626,510,424,366,303,286,240,1fe
111111111,200221,13333,4021,2211,1330,777,627,511,425,367,304,287,241,1ff
1000000000,200222,20000,4022,2212,1331,1000,628,512,426,368,305,288,242,200
1000000001,201000,20001,4023,2213,1332,1001,630,513,427,369,306,289,243,201
1000000010,201001,20002,4024,2214,1333,1002,631,514,428,36a,307,28a,244,202
1000000011,201002,20003,4030,2215,1334,1003,632,515,429,36b,308,28b,245,203
1000000100,201010,20010,4031,2220,1335,1004,633,516,42a,370,309,28c,246,204
1000000101,201011,20011,4032,2221,1336,1005,634,517,430,371,30a,28d,247,205
1000000110,201012,20012,4033,2222,1340,1006,635,518,431,372,30b,290,248,206
1000000111,201020,20013,4034,2223,1341,1007,636,519,432,373,30c,291,249,207
1000001000,201021,20020,4040,2224,1342,1010,637,520,433,374,310,292,24a,208
1000001001,201022,20021,4041,2225,1343,1011,638,521,434,375,311,293,24b,209
1000001010,201100,20022,4042,2230,1344,1012,640,522,435,376,312,294,24c,20a
1000001011,201101,20023,4043,2231,1345,1013,641,523,436,377,313,295,24d,20b
1000001100,201102,20030,4044,2232,1346,1014,642,524,437,378,314,296,24e,20c
1000001101,201110,20031,4100,2233,1350,1015,643,525,438,379,315,297,250,20d
1000001110,201111,20032,4101,2234,1351,1016,644,526,439,37a,316,298,251,20e
1000001111,201112,20033,4102,2235,1352,1017,645,527,43a,37b,317,299,252,20f
1000010000,201120,20100,4103,2240,1353,1020,646,528,440,380,318,29a,253,210
1000010001,201121,20101,4104,2241,1354,1021,647,529,441,381,319,29b,254,211
1000010010,201122,20102,4110,2242,1355,1022,648,530,442,382,31a,29c,255,212
1000010011,201200,20103,4111,2243,1356,1023,650,531,443,383,31b,29d,256,213
1000010100,201201,20110,4112,2244,1360,1024,651,532,444,384,31c,2a0,257,214
1000010101,201202,20111,4113,2245,1361,1025,652,533,445,385,320,2a1,258,215
1000010110,201210,20112,4114,2250,1362,1026,653,534,446,386,321,2a2,259,216
1000010111,201211,20113,4120,2251,1363,1027,654,535,447,387,322,2a3,25a,217
1000011000,201212,20120,4121,2252,1364,1030,655,536,448,388,323,2a4,25b,218
1000011001,201220,20121,4122,2253,1365,1031,656,537,449,389,324,2a5,25c,219
1000011010,201221,20122,4123,2254,1366,1032,657,538,44a,38a,325,2a6,25d,21a
1000011011,201222,20123,4124,2255,1400,1033,658,539,450,38b,326,2a7,25e,21b
1000011100,202000,20130,4130,2300,1401,1034,660,540,451,390,327,2a8,260,21c
1000011101,202001,20131,4131,2301,1402,1035,661,541,452,391,328,2a9,261,21d
1000011110,202002,20132,4132,2302,1403,1036,662,542,453,392,329,2aa,262,21e
1000011111,202010,20133,4133,2303,1404,1037,663,543,454,393,32a,2ab,263,21f
1000100000,202011,20200,4134,2304,1405,1040,664,544,455,394,32b,2ac,264,220
1000100001,202012,20201,4140,2305,1406,1041,665,545,456,395,32c,2ad,265,221
1000100010,202020,20202,4141,2310,1410,1042,666,546,457,396,330,2b0,266,222
1000100011,202021,20203,4142,2311,1411,1043,667,547,458,397,331,2b1,267,223
1000100100,202022,20210,4143,2312,1412,1044,668,548,459,398,332,2b2,268,224
1000100101,202100,20211,4144,2313,1413,1045,670,549,45a,399,333,2b3,269,225
1000100110,202101,20212,4200,2314,1414,1046,671,550,460,39a,334,2b4,26a,226
1000100111,202102,20213,4201,2315,1415,1047,672,551,461,39b,335,2b5,26b,227
1000101000,202110,20220,4202,2320,1416,1050,673,552,462,3a0,336,2b6,26c,228
1000101001,202111,20221,4203,2321,1420,1051,674,553,463,3a1,337,2b7,26d,229
1000101010,202112,20222,4204,2322,1421,1052,675,554,464,3a2,338,2b8,26e,22a
1000101011,202120,20223,4210,2323,1422,1053,676,555,465,3a3,339,2b9,270,22b
1000101100,202121,20230,4211,2324,1423,1054,677,556,466,3a4,33a,2ba,271,22c
1000101101,202122,20231,4212,2325,1424,1055,678,557,467,3a5,33b,2bb,272,22d
1000101110,202200,20232,4213,2330,1425,1056,680,558,468,3a6,33c,2bc,273,22e
1000101111,202201,20233,4214,2331,1426,1057,681,559,469,3a7,340,2bd,274,22f
1000110000,202202,20300,4220,2332,1430,1060,682,560,46a,3a8,341,2c0,275,230
1000110001,202210,20301,4221,2333,1431,1061,683,561,470,3a9,342,2c1,276,231
1000110010,202211,20302,4222,2334,1432,1062,684,562,471,3aa,343,2c2,277,232
1000110011,202212,20303,4223,2335,1433,1063,685,563,472,3ab,344,2c3,278,233
1000110100,202220,20310,4224,2340,1434,1064,686,564,473,3b0,345,2c4,279,234
1000110101,202221,20311,4230,2341,1435,1065,687,565,474,3b1,346,2c5,27a,235
1000110110,202222,20312,4231,2342,1436,1066,688,566,475,3b2,347,2c6,27b,236
1000110111,210000,20313,4232,2343,1440,1067,700,567,476,3b3,348,2c7,27c,237
1000111000,210001,20320,4233,2344,1441,1070,701,568,477,3b4,349,2c8,27d,238
1000111001,210002,20321,4234,2345,1442,1071,702,569,478,3b5,34a,2c9,27e,239
1000111010,210010,20322,4240,2350,1443,1072,703,570,479,3b6,34b,2ca,280,23a
1000111011,210011,20323,4241,2351,1444,1073,704,571,47a,3b7,34c,2cb,281,23b
1000111100,210012,20330,4242,2352,1445,1074,705,572,480,3b8,350,2cc,282,23c
1000111101,210020,20331,4243,2353,1446,1075,706,573,481,3b9,351,2cd,283,23d
1000111110,210021,20332,4244,2354,1450,1076,707,574,482,3ba,352,2d0,284,23e
1000111111,210022,20333,4300,2355,1451,1077,708,575,483,3bb,353,2d1,285,23f
1001000000,210100,21000,4301,2400,1452,1100,710,576,484,400,354,2d2,286,240
1001000001,210101,21001,4302,2401,1453,1101,711,577,485,401,355,2d3,287,241
1001000010,210102,21002,4303,2402,1454,1102,712,578,486,402,356,2d4,288,242
1001000011,210110,21003,4304,2403,1455,1103,713,579,487,403,357,2d5,289,243
1001000100,210111,21010,4310,2404,1456,1104,714,580,488,404,358,2d6,28a,244
1001000101,210112,21011,4311,2405,1460,1105,715,581,489,405,359,2d7,28b,245
1001000110,210120,21012,4312,2410,1461,1106,716,582,48a,406,35a,2d8,28c,246
1001000111,210121,21013,4313,2411,1462,1107,717,583,490,407,35b,2d9,28d,247
1001001000,210122,21020,4314,2412,1463,1110,718,584,491,408,35c,2da,28e,248
1001001001,210200,21021,4320,2413,1464,1111,720,585,492,409,360,2db,290,249
1001001010,210201,21022,4321,2414,1465,1112,721,586,493,40a,361,2dc,291,24a
1001001011,210202,21023,4322,2415,1466,1113,722,587,494,40b,362,2dd,292,24b
1001001100,210210,21030,4323,2420,1500,1114,723,588,495,410,363,300,293,24c
1001001101,210211,21031,4324,2421,1501,1115,724,589,496,411,364,301,294,24d
1001001110,210212,21032,4330,2422,1502,1116,725,590,497,412,365,302,295,24e
1001001111,210220,21033,4331,2423,1503,1117,726,591,498,413,366,303,296,24f
1001010000,210221,21100,4332,2424,1504,1120,727,592,499,414,367,304,297,250
1001010001,210222,21101,4333,2425,1505,1121,728,593,49a,415,368,305,298,251
1001010010,211000,21102,4334,2430,1506,1122,730,594,4a0,416,369,306,299,252
1001010011,211001,21103,4340,2431,1510,1123,731,595,4a1,417,36a,307,29a,253
1001010100,211002,21110,4341,2432,1511,1124,732,596,4a2,418,36b,308,29b,254
1001010101,211010,21111,4342,2433,1512,1125,733,597,4a3,419,36c,309,29c,255
1001010110,211011,21112,4343,2434,1513,1126,734,598,4a4,41a,370,30a,29d,256
1001010111,211012,21113,4344,2435,1514,1127,735,599,4a5,41b,371,30b,29e,257
1001011000,211020,21120,4400,2440,1515,1130,736,600,4a6,420,372,30c,2a0,258
1001011001,211021,21121,4401,2441,1516,1131,737,601,4a7,421,373,30d,2a1,259
1001011010,211022,21122,4402,2442,1520,1132,738,602,4a8,422,374,310,2a2,25a
1001011011,211100,21123,4403,2443,1521,1133,740,603,4a9,423,375,311,2a3,25b
1001011100,211101,21130,4404,2444,1522,1134,741,604,4aa,424,376,312,2a4,25c
1001011101,211102,21131,4410,2445,1523,1135,742,605,500,425,377,313,2a5,25d
1001011110,211110,21132,4411,2450,1524,1136,743,606,501,426,378,314,2a6,25e
1001011111,211111,21133,4412,2451,1525,1137,744,607,502,427,379,315,2a7,25f
1001100000,211112,21200,4413,2452,1526,1140,745,608,503,428,37a,316,2a8,260
1001100001,211120,21201,4414,2453,1530,1141,746,609,504,429,37b,317,2a9,261
1001100010,211121,21202,4420,2454,1531,1142,747,610,505,42a,37c,318,2aa,262
1001100011,211122,21203,4421,2455,1532,1143,748,611,506,42b,380,319,2ab,263
1001100100,211200,21210,4422,2500,1533,1144,750,612,507,430,381,31a,2ac,264
1001100101,211201,21211,4423,2501,1534,1145,751,613,508,431,382,31b,2ad,265
1001100110,211202,21212,4424,2502,1535,1146,752,614,509,432,383,31c,2ae,266
1001100111,211210,21213,4430,2503,1536,1147,753,615,50a,433,384,31d,2b0,267
1001101000,211211,21220,4431,2504,1540,1150,754,616,510,434,385,320,2b1,268
1001101001,211212,21221,4432,2505,1541,1151,755,617,511,435,386,321,2b2,269
1001101010,211220,21222,4433,2510,1542,1152,756,618,512,436,387,322,2b3,26a
1001101011,211221,21223,4434,2511,1543,1153,757,619,513,437,388,323,2b4,26b
1001101100,211222,21230,4440,2512,1544,1154,758,620,514,438,389,324,2b5,26c
1001101101,212000,21231,4441,2513,1545,1155,760,621,515,439,38a,325,2b6,26d
1001101110,212001,21232,4442,2514,1546,1156,761,622,516,43a,38b,326,2b7,26e
1001101111,212002,21233,4443,2515,1550,1157,762,623,517,43b,38c,327,2b8,26f
1001110000,212010,21300,4444,2520,1551,1160,763,624,518,440,390,328,2b9,270
1001110001,212011,21301,10000,2521,1552,1161,764,625,519,441,391,329,2ba,271
1001110010,212012,21302,10001,2522,1553,1162,765,626,51a,442,392,32a,2bb,272
1001110011,212020,21303,10002,2523,1554,1163,766,627,520,443,393,32b,2bc,273
1001110100,212021,21310,10003,2524,1555,1164,767,628,521,444,394,32c,2bd,274
1001110101,212022,21311,10004,2525,1556,1165,768,629,522,445,395,32d,2be,275
1001110110,212100,21312,10010,2530,1560,1166,770,630,523,446,396,330,2c0,276
1001110111,212101,21313,10011,2531,1561,1167,771,631,524,447,397,331,2c1,277
1001111000,212102,21320,10012,2532,1562,1170,772,632,525,448,398,332,2c2,278
1001111001,212110,21321,10013,2533,1563,1171,773,633,526,449,399,333,2c3,279
1001111010,212111,21322,10014,2534,1564,1172,774,634,527,44a,39a,334,2c4,27a
1001111011,212112,21323,10020,2535,1565,1173,775,635,528,44b,39b,335,2c5,27b
1001111100,212120,21330,10021,2540,1566,1174,776,636,529,450,39c,336,2c6,27c
1001111101,212121,21331,10022,2541,1600,1175,777,637,52a,451,3a0,337,2c7,27d
1001111110,212122,21332,10023,2542,1601,1176,778,638,530,452,3a1,338,2c8,27e
1001111111,212200,21333,10024,2543,1602,1177,780,639,531,453,3a2,339,2c9,27f
1010000000,212201,22000,10030,2544,1603,1200,781,640,532,454,3a3,33a,2ca,280
1010000001,212202,22001,10031,2545,1604,1201,782,641,533,455,3a4,33b,2cb,281
1010000010,212210,22002,10032,2550,1605,1202,783,642,534,456,3a5,33c,2cc,282
1010000011,212211,22003,10033,2551,1606,1203,784,643,535,457,3a6,33d,2cd,283
1010000100,212212,22010,10034,2552,1610,1204,785,644,536,458,3a7,340,2ce,284
1010000101,212220,22011,10040,2553,1611,1205,786,645,537,459,3a8,341,2d0,285
1010000110,212221,22012,10041,2554,1612,1206,787,646,538,45a,3a9,342,2d1,286
1010000111,212222,22013,10042,2555,1613,1207,788,647,539,45b,3aa,343,2d2,287
1010001000,220000,22020,10043,3000,1614,1210,800,648,53a,460,3ab,344,2d3,288
1010001001,220001,22021,10044,3001,1615,1211,801,649,540,461,3ac,345,2d4,289
1010001010,220002,22022,10100,3002,1616,1212,802,650,541,462,3b0,346,2d5,28a
1010001011,220010,22023,10101,3003,1620,1213,803,651,542,463,3b1,347,2d6,28b
1010001100,220011,22030,10102,3004,1621,1214,804,652,543,464,3b2,348,2d7,28c
1010001101,220012,22031,10103,3005,1622,1215,805,653,544,465,3b3,349,2d8,28d
1010001110,220020,22032,10104,3010,1623,1216,806,654,545,466,3b4,34a,2d9,28e
1010001111,220021,22033,10110,3011,1624,1217,807,655,546,467,3b5,34b,2da,28f
1010010000,220022,22100,10111,3012,1625,1220,808,656,547,468,3b6,34c,2db,290
1010010001,220100,22101,10112,3013,1626,1221,810,657,548,469,3b7,34d,2dc,291
1010010010,220101,22102,10113,3014,1630,1222,811,658,549,46a,3b8,350,2dd,292
1010010011,220102,22103,10114,3015,1631,1223,812,659,54a,46b,3b9,351,2de,293
1010010100,220110,22110,10120,3020,1632,1224,813,660,550,470,3ba,352,2e0,294
1010010101,220111,22111,10121,3021,1633,1225,814,661,551,471,3bb,353,2e1,295
1010010110,220112,22112,10122,3022,1634,1226,815,662,552,472,3bc,354,2e2,296
1010010111,220120,22113,10123,3023,1635,1227,816,663,553,473,3c0,355,2e3,297
1010011000,220121,22120,10124,3024,1636,1230,817,664,554,474,3c1,356,2e4,298
1010011001,220122,22121,10130,3025,1640,1231,818,665,555,475,3c2,357,2e5,299
1010011010,220200,22122,10131,3030,1641,1232,820,666,556,476,3c3,358,2e6,29a
1010011011,220201,22123,10132,3031,1642,1233,821,667,557,477,3c4,359,2e7,29b
1010011100,220202,22130,10133,3032,1643,1234,822,668,558,478,3c5,35a,2e8,29c
1010011101,220210,22131,10134,3033,1644,1235,823,669,559,479,3c6,35b,2e9,29d
1010011110,220211,22132,10140,3034,1645,1236,824,670,55a,47a,3c7,35c,2ea,29e
1010011111,220212,22133,10141,3035,1646,1237,825,671,560,47b,3c8,35d,2eb,29f
1010100000,220220,22200,10142,3040,1650,1240,826,672,561,480,3c9,360,2ec,2a0
1010100001,220221,22201,10143,3041,1651,1241,827,673,562,481,3ca,361,2ed,2a1
1010100010,220222,22202,10144,3042,1652,1242,828,674,563,482,3cb,362,2ee,2a2
1010100011,221000,22203,10200,3043,1653,1243,830,675,564,483,3cc,363,300,2a3
1010100100,221001,22210,10201,3044,1654,1244,831,676,565,484,400,364,301,2a4
1010100101,221002,22211,10202,3045,1655,1245,832,677,566,485,401,365,302,2a5
1010100110,221010,22212,10203,3050,1656,1246,833,678,567,486,402,366,303,2a6
1010100111,221011,22213,10204,3051,1660,1247,834,679,568,487,403,367,304,2a7
1010101000,221012,22220,10210,3052,1661,1250,835,680,569,488,404,368,305,2a8
1010101001,221020,22221,10211,3053,1662,1251,836,681,56a,489,405,369,306,2a9
1010101010,221021,22222,10212,3054,1663,1252,837,682,570,48a,406,36a,307,2aa
1010101011,221022,22223,10213,3055,1664,1253,838,683,571,48b,407,36b,308,2ab
1010101100,221100,22230,10214,3100,1665,1254,840,684,572,490,408,36c,309,2ac
1010101101,221101,22231,10220,3101,1666,1255,841,685,573,491,409,36d,30a,2ad
1010101110,221102,22232,10221,3102,2000,1256,842,686,574,492,40a,370,30b,2ae
1010101111,221110,22233,10222,3103,2001,1257,843,687,575,493,40b,371,30c,2af
1010110000,221111,22300,10223,3104,2002,1260,844,688,576,494,40c,372,30d,2b0
1010110001,221112,22301,10224,3105,2003,1261,845,689,577,495,410,373,30e,2b1
1010110010,221120,22302,10230,3110,2004,1262,846,690,578,496,411,374,310,2b2
1010110011,221121,22303,10231,3111,2005,1263,847,691,579,497,412,375,311,2b3
1010110100,221122,22310,10232,3112,2006,1264,848,692,57a,498,413,376,312,2b4
1010110101,221200,22311,10233,3113,2010,1265,850,693,580,499,414,377,313,2b5
1010110110,221201,22312,10234,3114,2011,1266,851,694,581,49a,415,378,314,2b6
1010110111,221202,22313,10240,3115,2012,1267,852,695,582,49b,416,379,315,2b7
1010111000,221210,22320,10241,3120,2013,1270,853,696,583,4a0,417,37a,316,2b8
1010111001,221211,22321,10242,3121,2014,1271,854,697,584,4a1,418,37b,317,2b9
1010111010,221212,22322,10243,3122,2015,1272,855,698,585,4a2,419,37c,318,2ba
1010111011,221220,22323,10244,3123,2016,1273,856,699,586,4a3,41a,37d,319,2bb
1010111100,221221,22330,10300,3124,2020,1274,857,700,587,4a4,41b,380,31a,2bc
1010111101,221222,22331,10301,3125,2021,1275,858,701,588,4a5,41c,381,31b,2bd
1010111110,222000,22332,10302,3130,2022,1276,860,702,589,4a6,420,382,31c,2be
1010111111,222001,22333,10303,3131,2023,1277,861,703,58a,4a7,421,383,31d,2bf
1011000000,222002,23000,10304,3132,2024,1300,862,704,590,4a8,422,384,31e,2c0
1011000001,222010,23001,10310,3133,2025,1301,863,705,591,4a9,423,385,320,2c1
1011000010,222011,23002,10311,3134,2026,1302,864,706,592,4aa,424,386,321,2c2
1011000011,222012,23003,10312,3135,2030,1303,865,707,593,4ab,425,387,322,2c3
1011000100,222020,23010,10313,3140,2031,1304,866,708,594,4b0,426,388,323,2c4
1011000101,222021,23011,10314,3141,2032,1305,867,709,595,4b1,427,389,324,2c5
1011000110,222022,23012,10320,3142,2033,1306,868,710,596,4b2,428,38a,325,2c6
1011000111,222100,23013,10321,3143,2034,1307,870,711,597,4b3,429,38b,326,2c7
1011001000,222101,23020,10322,3144,2035,1310,871,712,598,4b4,42a,38c,327,2c8
1011001001,222102,23021,10323,3145,2036,1311,872,713,599,4b5,42b,38d,328,2c9
1011001010,222110,23022,10324,3150,2040,1312,873,714,59a,4b6,42c,390,329,2ca
1011001011,222111,23023,10330,3151,2041,1313,874,715,5a0,4b7,430,391,32a,2cb
1011001100,222112,23030,10331,3152,2042,1314,875,716,5a1,4b8,431,392,32b,2cc
1011001101,222120,23031,10332,3153,2043,1315,876,717,5a2,4b9,432,393,32c,2cd
1011001110,222121,23032,10333,3154,2044,1316,877,718,5a3,4ba,433,394,32d,2ce
1011001111,222122,23033,10334,3155,2045,1317,878,719,5a4,4bb,434,395,32e,2cf
1011010000,222200,23100,10340,3200,2046,1320,880,720,5a5,500,435,396,330,2d0
1011010001,222201,23101,10341,3201,2050,1321,881,721,5a6,501,436,397,331,2d1
1011010010,222202,23102,10342,3202,2051,1322,882,722,5a7,502,437,398,332,2d2
1011010011,222210,23103,10343,3203,2052,1323,883,723,5a8,503,438,399,333,2d3
1011010100,222211,23110,10344,3204,2053,1324,884,724,5a9,504,439,39a,334,2d4
1011010101,222212,23111,10400,3205,2054,1325,885,725,5aa,505,43a,39b,335,2d5
1011010110,222220,23112,10401,3210,2055,1326,886,726,600,506,43b,39c,336,2d6
1011010111,222221,23113,10402,3211,2056,1327,887,727,601,507,43c,39d,337,2d7
1011011000,222222,23120,10403,3212,2060,1330,888,728,602,508,440,3a0,338,2d8
1011011001,1000000,23121,10404,3213,2061,1331,1000,729,603,509,441,3a1,339,2d9
1011011010,1000001,23122,10410,3214,2062,1332,1001,730,604,50a,442,3a2,33a,2da
1011011011,1000002,23123,10411,3215,2063,1333,1002,731,605,50b,443,3a3,33b,2db
1011011100,1000010,23130,10412,3220,2064,1334,1003,732,606,510,444,3a4,33c,2dc
1011011101,1000011,23131,10413,3221,2065,1335,1004,733,607,511,445,3a5,33d,2dd
1011011110,1000012,23132,10414,3222,2066,1336,1005,734,608,512,446,3a6,33e,2de
1011011111,1000020,23133,10420,3223,2100,1337,1006,735,609,513,447,3a7,340,2df
1011100000,1000021,23200,10421,3224,2101,1340,1007,736,60a,514,448,3a8,341,2e0
1011100001,1000022,23201,10422,3225,2102,1341,1008,737,610,515,449,3a9,342,2e1
1011100010,1000100,23202,10423,3230,2103,1342,1010,738,611,516,44a,3aa,343,2e2
1011100011,1000101,23203,10424,3231,2104,1343,1011,739,612,517,44b,3ab,344,2e3
1011100100,1000102,23210,10430,3232,2105,1344,1012,740,613,518,44c,3ac,345,2e4
1011100101,1000110,23211,10431,3233,2106,1345,1013,741,614,519,450,3ad,346,2e5
1011100110,1000111,23212,10432,3234,2110,1346,1014,742,615,51a,451,3b0,347,2e6
1011100111,1000112,23213,10433,3235,2111,1347,1015,743,616,51b,452,3b1,348,2e7
1011101000,1000120,23220,10434,3240,2112,1350,1016,744,617,520,453,3b2,349,2e8
1011101001,1000121,23221,10440,3241,2113,1351,1017,745,618,521,454,3b3,34a,2e9
1011101010,1000122,23222,10441,3242,2114,1352,1018,746,619,522,455,3b4,34b,2ea
1011101011,1000200,23223,10442,3243,2115,1353,1020,747,61a,523,456,3b5,34c,2eb
1011101100,1000201,23230,10443,3244,2116,1354,1021,748,620,524,457,3b6,34d,2ec
1011101101,1000202,23231,10444,3245,2120,1355,1022,749,621,525,458,3b7,34e,2ed
1011101110,1000210,23232,11000,3250,2121,1356,1023,750,622,526,459,3b8,350,2ee
1011101111,1000211,23233,11001,3251,2122,1357,1024,751,623,527,45a,3b9,351,2ef
1011110000,1000212,23300,11002,3252,2123,1360,1025,752,624,528,45b,3ba,352,2f0
1011110001,1000220,23301,11003,3253,2124,1361,1026,753,625,529,45c,3bb,353,2f1
1011110010,1000221,23302,11004,3254,2125,1362,1027,754,626,52a,460,3bc,354,2f2
1011110011,1000222,23303,11010,3255,2126,1363,1028,755,627,52b,461,3bd,355,2f3
1011110100,1001000,23310,11011,3300,2130,1364,1030,756,628,530,462,3c0,356,2f4
1011110101,1001001,23311,11012,3301,2131,1365,1031,757,629,531,463,3c1,357,2f5
1011110110,1001002,23312,11013,3302,2132,1366,1032,758,62a,532,464,3c2,358,2f6
1011110111,1001010,23313,11014,3303,2133,1367,1033,759,630,533,465,3c3,359,2f7
1011111000,1001011,23320,11020,3304,2134,1370,1034,760,631,534,466,3c4,35a,2f8
1011111001,1001012,23321,11021,3305,2135,1371,1035,761,632,535,467,3c5,35b,2f9
1011111010,1001020,23322,11022,3310,2136,1372,1036,762,633,536,468,3c6,35c,2fa
1011111011,1001021,23323,11023,3311,2140,1373,1037,763,634,537,469,3c7,35d,2fb
1011111100,1001022,23330,11024,3312,2141,1374,1038,764,635,538,46a,3c8,35e,2fc
1011111101,1001100,23331,11030,3313,2142,1375,1040,765,636,539,46b,3c9,360,2fd
1011111110,1001101,23332,11031,3314,2143,1376,1041,766,637,53a,46c,3ca,361,2fe
1011111111,1001102,23333,11032,3315,2144,1377,1042,767,638,53b,470,3cb,362,2ff
1100000000,1001110,30000,11033,3320,2145,1400,1043,768,639,540,471,3cc,363,300
1100000001,1001111,30001,11034,3321,2146,1401,1044,769,63a,541,472,3cd,364,301
1100000010,1001112,30002,11040,3322,2150,1402,1045,770,640,542,473,3d0,365,302
1100000011,1001120,30003,11041,3323,2151,1403,1046,771,641,543,474,3d1,366,303
1100000100,1001121,30010,11042,3324,2152,1404,1047,772,642,544,475,3d2,367,304
1100000101,1001122,30011,11043,3325,2153,1405,1048,773,643,545,476,3d3,368,305
1100000110,1001200,30012,11044,3330,2154,1406,1050,774,644,546,477,3d4,369,306
1100000111,1001201,30013,11100,3331,2155,1407,1051,775,645,547,478,3d5,36a,307
1100001000,1001202,30020,11101,3332,2156,1410,1052,776,646,548,479,3d6,36b,308
1100001001,1001210,30021,11102,3333,2160,1411,1053,777,647,549,47a,3d7,36c,309
1100001010,1001211,30022,11103,3334,2161,1412,1054,778,648,54a,47b,3d8,36d,30a
1100001011,1001212,30023,11104,3335,2162,1413,1055,779,649,54b,47c,3d9,36e,30b
1100001100,1001220,30030,11110,3340,2163,1414,1056,780,64a,550,480,3da,370,30c
1100001101,1001221,30031,11111,3341,2164,1415,1057,781,650,551,481,3db,371,30d
1100001110,1001222,30032,11112,3342,2165,1416,1058,782,651,552,482,3dc,372,30e
1100001111,1002000,30033,11113,3343,2166,1417,1060,783,652,553,483,3dd,373,30f
1100010000,1002001,30100,11114,3344,2200,1420,1061,784,653,554,484,400,374,310
1100010001,1002002,30101,11120,3345,2201,1421,1062,785,654,555,485,401,375,311
1100010010,1002010,30102,11121,3350,2202,1422,1063,786,655,556,486,402,376,312
1100010011,1002011,30103,11122,3351,2203,1423,1064,787,656,557,487,403,377,313
1100010100,1002012,30110,11123,3352,2204,1424,1065,788,657,558,488,404,378,314
1100010101,1002020,30111,11124,3353,2205,1425,1066,789,658,559,489,405,379,315
1100010110,1002021,30112,11130,3354,2206,1426,1067,790,659,55a,48a,406,37a,316
1100010111,1002022,30113,11131,3355,2210,1427,1068,791,65a,55b,48b,407,37b,317
1100011000,1002100,30120,11132,3400,2211,1430,1070,792,660,560,48c,408,37c,318
1100011001,1002101,30121,11133,3401,2212,1431,1071,793,661,561,490,409,37d,319
1100011010,1002102,30122,11134,3402,2213,1432,1072,794,662,562,491,40a,37e,31a
1100011011,1002110,30123,11140,3403,2214,1433,1073,795,663,563,492,40b,380,31b
1100011100,1002111,30130,11141,3404,2215,1434,1074,796,664,564,493,40c,381,31c
1100011101,1002112,30131,11142,3405,2216,1435,1075,797,665,565,494,40d,382,31d
1100011110,1002120,30132,11143,3410,2220,1436,1076,798,666,566,495,410,383,31e
1100011111,1002121,30133,11144,3411,2221,1437,1077,799,667,567,496,411,384,31f
1100100000,1002122,30200,11200,3412,2222,1440,1078,800,668,568,497,412,385,320
1100100001,1002200,30201,11201,3413,2223,1441,1080,801,669,569,498,413,386,321
1100100010,1002201,30202,11202,3414,2224,1442,1081,802,66a,56a,499,414,387,322
1100100011,1002202,30203,11203,3415,2225,1443,1082,803,670,56b,49a,415,388,323
1100100100,1002210,30210,11204,3420,2226,1444,1083,804,671,570,49b,416,389,324
1100100101,1002211,30211,11210,3421,2230,1445,1084,805,672,571,49c,417,38a,325
1100100110,1002212,30212,11211,3422,2231,1446,1085,806,673,572,4a0,418,38b,326
1100100111,1002220,30213,11212,3423,2232,1447,1086,807,674,573,4a1,419,38c,327
1100101000,1002221,30220,11213,3424,2233,1450,1087,808,675,574,4a2,41a,38d,328
1100101001,1002222,30221,11214,3425,2234,1451,1088,809,676,575,4a3,41b,38e,329
1100101010,1010000,30222,11220,3430,2235,1452,1100,810,677,576,4a4,41c,390,32a
1100101011,1010001,30223,11221,3431,2236,1453,1101,811,678,577,4a5,41d,391,32b
1100101100,1010002,30230,11222,3432,2240,1454,1102,812,679,578,4a6,420,392,32c
1100101101,1010010,30231,11223,3433,2241,1455,1103,813,67a,579,4a7,421,393,32d
1100101110,1010011,30232,11224,3434,2242,1456,1104,814,680,57a,4a8,422,394,32e
1100101111,1010012,30233,11230,3435,2243,1457,1105,815,681,57b,4a9,423,395,32f
1100110000,1010020,30300,11231,3440,2244,1460,1106,816,682,580,4aa,424,396,330
1100110001,1010021,30301,11232,3441,2245,1461,1107,817,683,581,4ab,425,397,331
1100110010,1010022,30302,11233,3442,2246,1462,1108,818,684,582,4ac,426,398,332
1100110011,1010100,30303,11234,3443,2250,1463,1110,819,685,583,4b0,427,399,333
1100110100,1010101,30310,11240,3444,2251,1464,1111,820,686,584,4b1,428,39a,334
1100110101,1010102,30311,11241,3445,2252,1465,1112,821,687,585,4b2,429,39b,335
1100110110,1010110,30312,11242,3450,2253,1466,1113,822,688,586,4b3,42a,39c,336
1100110111,1010111,30313,11243,3451,2254,1467,1114,823,689,587,4b4,42b,39d,337
1100111000,1010112,30320,11244,3452,2255,1470,1115,824,68a,588,4b5,42c,39e,338
1100111001,1010120,30321,11300,3453,2256,1471,1116,825,690,589,4b6,42d,3a0,339
1100111010,1010121,30322,11301,3454,2260,1472,1117,826,691,58a,4b7,430,3a1,33a
1100111011,1010122,30323,11302,3455,2261,1473,1118,827,692,58b,4b8,431,3a2,33b
1100111100,1010200,30330,11303,3500,2262,1474,1120,828,693,590,4b9,432,3a3,33c
1100111101,1010201,30331,11304,3501,2263,1475,1121,829,694,591,4ba,433,3a4,33d
1100111110,1010202,30332,11310,3502,2264,1476,1122,830,695,592,4bb,434,3a5,33e
1100111111,1010210,30333,11311,3503,2265,1477,1123,831,696,593,4bc,435,3a6,33f
1101000000,1010211,31000,11312,3504,2266,1500,1124,832,697,594,4c0,436,3a7,340
1101000001,1010212,31001,11313,3505,2300,1501,1125,833,698,595,4c1,437,3a8,341
1101000010,1010220,31002,11314,3510,2301,1502,1126,834,699,596,4c2,438,3a9,342
1101000011,1010221,31003,11320,3511,2302,1503,1127,835,69a,597,4c3,439,3aa,343
1101000100,1010222,31010,11321,3512,2303,1504,1128,836,6a0,598,4c4,43a,3ab,344
1101000101,1011000,31011,11322,3513,2304,1505,1130,837,6a1,599,4c5,43b,3ac,345
1101000110,1011001,31012,11323,3514,2305,1506,1131,838,6a2,59a,4c6,43c,3ad,346
1101000111,1011002,31013,11324,3515,2306,1507,1132,839,6a3,59b,4c7,43d,3ae,347
1101001000,1011010,31020,11330,3520,2310,1510,1133,840,6a4,5a0,4c8,440,3b0,348
1101001001,1011011,31021,11331,3521,2311,1511,1134,841,6a5,5a1,4c9,441,3b1,349
1101001010,1011012,31022,11332,3522,2312,1512,1135,842,6a6,5a2,4ca,442,3b2,34a
1101001011,1011020,31023,11333,3523,2313,1513,1136,843,6a7,5a3,4cb,443,3b3,34b
1101001100,1011021,31030,11334,3524,2314,1514,1137,844,6a8,5a4,4cc,444,3b4,34c
1101001101,1011022,31031,11340,3525,2315,1515,1138,845,6a9,5a5,500,445,3b5,34d
1101001110,1011100,31032,11341,3530,2316,1516,1140,846,6aa,5a6,501,446,3b6,34e
1101001111,1011101,31033,11342,3531,2320,1517,1141,847,700,5a7,502,447,3b7,34f
1101010000,1011102,31100,11343,3532,2321,1520,1142,848,701,5a8,503,448,3b8,350
1101010001,1011110,31101,11344,3533,2322,1521,1143,849,702,5a9,504,449,3b9,351
1101010010,1011111,31102,11400,3534,2323,1522,1144,850,703,5aa,505,44a,3ba,352
1101010011,1011112,31103,11401,3535,2324,1523,1145,851,704,5ab,506,44b,3bb,353
1101010100,1011120,31110,11402,3540,2325,1524,1146,852,705,5b0,507,44c,3bc,354
1101010101,1011121,31111,11403,3541,2326,1525,1147,853,706,5b1,508,44d,3bd,355
1101010110,1011122,31112,11404,3542,2330,1526,1148,854,707,5b2,509,450,3be,356
1101010111,1011200,31113,11410,3543,2331,1527,1150,855,708,5b3,50a,451,3c0,357
1101011000,1011201,31120,11411,3544,2332,1530,1151,856,709,5b4,50b,452,3c1,358
1101011001,1011202,31121,11412,3545,2333,1531,1152,857,70a,5b5,50c,453,3c2,359
1101011010,1011210,31122,11413,3550,2334,1532,1153,858,710,5b6,510,454,3c3,35a
1101011011,1011211,31123,11414,3551,2335,1533,1154,859,711,5b7,511,455,3c4,35b
1101011100,1011212,31130,11420,3552,2336,1534,1155,860,712,5b8,512,456,3c5,35c
1101011101,1011220,31131,11421,3553,2340,1535,1156,861,713,5b9,513,457,3c6,35d
1101011110,1011221,31132,11422,3554,2341,1536,1157,862,714,5ba,514,458,3c7,35e
1101011111,1011222,31133,11423,3555,2342,1537,1158,863,715,5bb,515,459,3c8,35f
1101100000,1012000,31200,11424,4000,2343,1540,1160,864,716,600,516,45a,3c9,360
1101100001,1012001,31201,11430,4001,2344,1541,1161,865,717,601,517,45b,3ca,361
1101100010,1012002,31202,11431,4002,2345,1542,1162,866,718,602,518,45c,3cb,362
1101100011,1012010,31203,11432,4003,2346,1543,1163,867,719,603,519,45d,3cc,363
1101100100,1012011,31210,11433,4004,2350,1544,1164,868,71a,604,51a,460,3cd,364
1101100101,1012012,31211,11434,4005,2351,1545,1165,869,720,605,51b,461,3ce,365
1101100110,1012020,31212,11440,4010,2352,1546,1166,870,721,606,51c,462,3d0,366
1101100111,1012021,31213,11441,4011,2353,1547,1167,871,722,607,520,463,3d1,367
1101101000,1012022,31220,11442,4012,2354,1550,1168,872,723,608,521,464,3d2,368
1101101001,1012100,31221,11443,4013,2355,1551,1170,873,724,609,522,465,3d3,369
1101101010,1012101,31222,11444,4014,2356,1552,1171,874,725,60a,523,466,3d4,36a
1101101011,1012102,31223,12000,4015,2360,1553,1172,875,726,60b,524,467,3d5,36b
1101101100,1012110,31230,12001,4020,2361,1554,1173,876,727,610,525,468,3d6,36c
1101101101,1012111,31231,12002,4021,2362,1555,1174,877,728,611,526,469,3d7,36d
1101101110,1012112,31232,12003,4022,2363,1556,1175,878,729,612,527,46a,3d8,36e
1101101111,1012120,31233,12004,4023,2364,1557,1176,879,72a,613,528,46b,3d9,36f
1101110000,1012121,31300,12010,4024,2365,1560,1177,880,730,614,529,46c,3da,370
1101110001,1012122,31301,12011,4025,2366,1561,1178,881,731,615,52a,46d,3db,371
1101110010,1012200,31302,12012,4030,2400,1562,1180,882,732,616,52b,470,3dc,372
1101110011,1012201,31303,12013,4031,2401,1563,1181,883,733,617,52c,471,3dd,373
1101110100,1012202,31310,12014,4032,2402,1564,1182,884,734,618,530,472,3de,374
1101110101,1012210,31311,12020,4033,2403,1565,1183,885,735,619,531,473,3e0,375
1101110110,1012211,31312,12021,4034,2404,1566,1184,886,736,61a,532,474,3e1,376
1101110111,1012212,31313,12022,4035,2405,1567,1185,887,737,61b,533,475,3e2,377
1101111000,1012220,31320,12023,4040,2406,1570,1186,888,738,620,534,476,3e3,378
1101111001,1012221,31321,12024,4041,2410,1571,1187,889,739,621,535,477,3e4,379
1101111010,1012222,31322,12030,4042,2411,1572,1188,890,73a,622,536,478,3e5,37a
1101111011,1020000,31323,12031,4043,2412,1573,1200,891,740,623,537,479,3e6,37b
1101111100,1020001,31330,12032,4044,2413,1574,1201,892,741,624,538,47a,3e7,37c
1101111101,1020002,31331,12033,4045,2414,1575,1202,893,742,625,539,47b,3e8,37d
1101111110,1020010,31332,12034,4050,2415,1576,1203,894,743,626,53a,47c,3e9,37e
1101111111,1020011,31333,12040,4051,2416,1577,1204,895,744,627,53b,47d,3ea,37f
1110000000,1020012,32000,12041,4052,2420,1600,1205,896,745,628,53c,480,3eb,380
1110000001,1020020,32001,12042,4053,2421,1601,1206,897,746,629,540,481,3ec,381
1110000010,1020021,32002,12043,4054,2422,1602,1207,898,747,62a,541,482,3ed,382
1110000011,1020022,32003,12044,4055,2423,1603,1208,899,748,62b,542,483,3ee,383
1110000100,1020100,32010,12100,4100,2424,1604,1210,900,749,630,543,484,400,384
1110000101,1020101,32011,12101,4101,2425,1605,1211,901,74a,631,544,485,401,385
1110000110,1020102,32012,12102,4102,2426,1606,1212,902,750,632,545,486,402,386
1110000111,1020110,32013,12103,4103,2430,1607,1213,903,751,633,546,487,403,387
1110001000,1020111,32020,12104,4104,2431,1610,1214,904,752,634,547,488,404,388
1110001001,1020112,32021,12110,4105,2432,1611,1215,905,753,635,548,489,405,389
1110001010,1020120,32022,12111,4110,2433,1612,1216,906,754,636,549,48a,406,38a
1110001011,1020121,32023,12112,4111,2434,1613,1217,907,755,637,54a,48b,407,38b
1110001100,1020122,32030,12113,4112,2435,1614,1218,908,756,638,54b,48c,408,38c
1110001101,1020200,32031,12114,4113,2436,1615,1220,909,757,639,54c,48d,409,38d
1110001110,1020201,32032,12120,4114,2440,1616,1221,910,758,63a,550,490,40a,38e
1110001111,1020202,32033,12121,4115,2441,1617,1222,911,759,63b,551,491,40b,38f
1110010000,1020210,32100,12122,4120,2442,1620,1223,912,75a,640,552,492,40c,390
1110010001,1020211,32101,12123,4121,2443,1621,1224,913,760,641,553,493,40d,391
1110010010,1020212,32102,12124,4122,2444,1622,1225,914,761,642,554,494,40e,392
1110010011,1020220,32103,12130,4123,2445,1623,1226,915,762,643,555,495,410,393
1110010100,1020221,32110,12131,4124,2446,1624,1227,916,763,644,556,496,411,394
1110010101,1020222,32111,12132,4125,2450,1625,1228,917,764,645,557,497,412,395
1110010110,1021000,32112,12133,4130,2451,1626,1230,918,765,646,558,498,413,396
1110010111,1021001,32113,12134,4131,2452,1627,1231,919,766,647,559,499,414,397
1110011000,1021002,32120,12140,4132,2453,1630,1232,920,767,648,55a,49a,415,398
1110011001,1021010,32121,12141,4133,2454,1631,1233,921,768,649,55b,49b,416,399
1110011010,1021011,32122,12142,4134,2455,1632,1234,922,769,64a,55c,49c,417,39a
1110011011,1021012,32123,12143,4135,2456,1633,1235,923,76a,64b,560,49d,418,39b
1110011100,1021020,32130,12144,4140,2460,1634,1236,924,770,650,561,4a0,419,39c
1110011101,1021021,32131,12200,4141,2461,1635,1237,925,771,651,562,4a1,41a,39d
1110011110,1021022,32132,12201,4142,2462,1636,1238,926,772,652,563,4a2,41b,39e
1110011111,1021100,32133,12202,4143,2463,1637,1240,927,773,653,564,4a3,41c,39f
1110100000,1021101,32200,12203,4144,2464,1640,1241,928,774,654,565,4a4,41d,3a0
1110100001,1021102,32201,12204,4145,2465,1641,1242,929,775,655,566,4a5,41e,3a1
1110100010,1021110,32202,12210,4150,2466,1642,1243,930,776,656,567,4a6,420,3a2
1110100011,1021111,32203,12211,4151,2500,1643,1244,931,777,657,568,4a7,421,3a3
1110100100,1021112,32210,12212,4152,2501,1644,1245,932,778,658,569,4a8,422,3a4
1110100101,1021120,32211,12213,4153,2502,1645,1246,933,779,659,56a,4a9,423,3a5
1110100110,1021121,32212,12214,4154,2503,1646,1247,934,77a,65a,56b,4aa,424,3a6
1110100111,1021122,32213,12220,4155,2504,1647,1248,935,780,65b,56c,4ab,425,3a7
1110101000,1021200,32220,12221,4200,2505,1650,1250,936,781,660,570,4ac,426,3a8
1110101001,1021201,32221,12222,4201,2506,1651,1251,937,782,661,571,4ad,427,3a9
1110101010,1021202,32222,12223,4202,2510,1652,1252,938,783,662,572,4b0,428,3aa
1110101011,1021210,32223,12224,4203,2511,1653,1253,939,784,663,573,4b1,429,3ab
1110101100,1021211,32230,12230,4204,2512,1654,1254,940,785,664,574,4b2,42a,3ac
1110101101,1021212,32231,12231,4205,2513,1655,1255,941,786,665,575,4b3,42b,3ad
1110101110,1021220,32232,12232,4210,2514,1656,1256,942,787,666,576,4b4,42c,3ae
1110101111,1021221,32233,12233,4211,2515,1657,1257,943,788,667,577,4b5,42d,3af
1110110000,1021222,32300,12234,4212,2516,1660,1258,944,789,668,578,4b6,42e,3b0
1110110001,1022000,32301,12240,4213,2520,1661,1260,945,78a,669,579,4b7,430,3b1
1110110010,1022001,32302,12241,4214,2521,1662,1261,946,790,66a,57a,4b8,431,3b2
1110110011,1022002,32303,12242,4215,2522,1663,1262,947,791,66b,57b,4b9,432,3b3
1110110100,1022010,32310,12243,4220,2523,1664,1263,948,792,670,57c,4ba,433,3b4
1110110101,1022011,32311,12244,4221,2524,1665,1264,949,793,671,580,4bb,434,3b5
1110110110,1022012,32312,12300,4222,2525,1666,1265,950,794,672,581,4bc,435,3b6
1110110111,1022020,32313,12301,4223,2526,1667,1266,951,795,673,582,4bd,436,3b7
1110111000,1022021,32320,12302,4224,2530,1670,1267,952,796,674,583,4c0,437,3b8
1110111001,1022022,32321,12303,4225,2531,1671,1268,953,797,675,584,4c1,438,3b9
1110111010,1022100,32322,12304,4230,2532,1672,1270,954,798,676,585,4c2,439,3ba
1110111011,1022101,32323,12310,4231,2533,1673,1271,955,799,677,586,4c3,43a,3bb
1110111100,1022102,32330,12311,4232,2534,1674,1272,956,79a,678,587,4c4,43b,3bc
1110111101,1022110,32331,12312,4233,2535,1675,1273,957,7a0,679,588,4c5,43c,3bd
1110111110,1022111,32332,12313,4234,2536,1676,1274,958,7a1,67a,589,4c6,43d,3be
1110111111,1022112,32333,12314,4235,2540,1677,1275,959,7a2,67b,58a,4c7,43e,3bf
1111000000,1022120,33000,12320,4240,2541,1700,1276,960,7a3,680,58b,4c8,440,3c0
1111000001,1022121,33001,12321,4241,2542,1701,1277,961,7a4,681,58c,4c9,441,3c1
1111000010,1022122,33002,12322,4242,2543,1702,1278,962,7a5,682,590,4ca,442,3c2
1111000011,1022200,33003,12323,4243,2544,1703,1280,963,7a6,683,591,4cb,443,3c3
1111000100,1022201,33010,12324,4244,2545,1704,1281,964,7a7,684,592,4cc,444,3c4
1111000101,1022202,33011,12330,4245,2546,1705,1282,965,7a8,685,593,4cd,445,3c5
1111000110,1022210,33012,12331,4250,2550,1706,1283,966,7a9,686,594,4d0,446,3c6
1111000111,1022211,33013,12332,4251,2551,1707,1284,967,7aa,687,595,4d1,447,3c7
1111001000,1022212,33020,12333,4252,2552,1710,1285,968,800,688,596,4d2,448,3c8
1111001001,1022220,33021,12334,4253,2553,1711,1286,969,801,689,597,4d3,449,3c9
1111001010,1022221,33022,12340,4254,2554,1712,1287,970,802,68a,598,4d4,44a,3ca
1111001011,1022222,33023,12341,4255,2555,1713,1288,971,803,68b,599,4d5,44b,3cb
1111001100,1100000,33030,12342,4300,2556,1714,1300,972,804,690,59a,4d6,44c,3cc
1111001101,1100001,33031,12343,4301,2560,1715,1301,973,805,691,59b,4d7,44d,3cd
1111001110,1100002,33032,12344,4302,2561,1716,1302,974,806,692,59c,4d8,44e,3ce
1111001111,1100010,33033,12400,4303,2562,1717,1303,975,807,693,5a0,4d9,450,3cf
1111010000,1100011,33100,12401,4304,2563,1720,1304,976,808,694,5a1,4da,451,3d0
1111010001,1100012,33101,12402,4305,2564,1721,1305,977,809,695,5a2,4db,452,3d1
1111010010,1100020,33102,12403,4310,2565,1722,1306,978,80a,696,5a3,4dc,453,3d2
1111010011,1100021,33103,12404,4311,2566,1723,1307,979,810,697,5a4,4dd,454,3d3
1111010100,1100022,33110,12410,4312,2600,1724,1308,980,811,698,5a5,500,455,3d4
1111010101,1100100,33111,12411,4313,2601,1725,1310,981,812,699,5a6,501,456,3d5
1111010110,1100101,33112,12412,4314,2602,1726,1311,982,813,69a,5a7,502,457,3d6
1111010111,1100102,33113,12413,4315,2603,1727,1312,983,814,69b,5a8,503,458,3d7
1111011000,1100110,33120,12414,4320,2604,1730,1313,984,815,6a0,5a9,504,459,3d8
1111011001,1100111,33121,12420,4321,2605,1731,1314,985,816,6a1,5aa,505,45a,3d9
1111011010,1100112,33122,12421,4322,2606,1732,1315,986,817,6a2,5ab,506,45b,3da
1111011011,1100120,33123,12422,4323,2610,1733,1316,987,818,6a3,5ac,507,45c,3db
1111011100,1100121,33130,12423,4324,2611,1734,1317,988,819,6a4,5b0,508,45d,3dc
1111011101,1100122,33131,12424,4325,2612,1735,1318,989,81a,6a5,5b1,509,45e,3dd
1111011110,1100200,33132,12430,4330,2613,1736,1320,990,820,6a6,5b2,50a,460,3de
1111011111,1100201,33133,12431,4331,2614,1737,1321,991,821,6a7,5b3,50b,461,3df
1111100000,1100202,33200,12432,4332,2615,1740,1322,992,822,6a8,5b4,50c,462,3e0
1111100001,1100210,33201,12433,4333,2616,1741,1323,993,823,6a9,5b5,50d,463,3e1
1111100010,1100211,33202,12434,4334,2620,1742,1324,994,824,6aa,5b6,510,464,3e2
1111100011,1100212,33203,12440,4335,2621,1743,1325,995,825,6ab,5b7,511,465,3e3
1111100100,1100220,33210,12441,4340,2622,1744,1326,996,826,6b0,5b8,512,466,3e4
1111100101,1100221,33211,12442,4341,2623,1745,1327,997,827,6b1,5b9,513,467,3e5
1111100110,1100222,33212,12443,4342,2624,1746,1328,998,828,6b2,5ba,514,468,3e6
1111100111,1101000,33213,12444,4343,2625,1747,1330,999,829,6b3,5bb,515,469,3e7
